deneyim_yili,maas
10.36,45254
33.97,119953
7.43,41693
9.01,52135
29.36,126176
8.56,53946
11.79,38932
24.34,108137
0.58,16120
34.85,142534
32.39,134819
29.79,101701
37.97,149987
34.0,126587
19.47,83550
17.18,62249
14.57,58147
4.69,35119
32.79,138466
27.64,83928
22.17,92541
27.07,104363
17.74,80083
20.91,94212
10.13,37256
15.83,73842
5.23,25990
9.43,48426
7.78,39624
26.05,109078
38.15,136270
37.32,155799
1.73,32447
33.53,146437
25.56,110009
34.73,145269
35.45,141284
34.15,128160
14.99,66331
38.85,145666
24.14,98313
24.69,94618
23.23,88376
29.11,111767
13.65,61091
27.36,116514
4.49,31294
25.74,108831
22.25,90164
17.58,75773
13.72,63665
39.92,155144
4.86,29493
23.89,106120
3.1,16462
33.38,133628
0.23,10000
38.79,160858
20.67,72659
11.86,58910
1.27,10000
29.53,118165
10.33,43324
10.34,33387
23.52,92712
11.49,61112
8.15,41875
15.91,72932
3.47,27837
0.16,10000
30.95,127511
22.19,103321
13.31,58964
5.48,44539
34.54,150095
8.73,57601
12.13,55465
5.13,34637
14.44,46439
39.59,160869
1.74,15954
32.15,126375
12.91,70004
5.03,24779
0.2,15938
5.99,56090
19.16,75694
32.07,133885
8.55,41999
37.41,131405
20.8,97259
22.93,90089
24.82,113270
4.61,13086
5.49,16332
21.34,85828
11.98,65099
3.48,25184
2.08,38099
4.29,33075
28.65,141805
32.36,98675
16.97,60774
28.64,102101
11.62,56033
12.34,53390
39.85,146709
31.39,126284
18.01,80472
10.36,51316
13.28,68440
34.0,131105
34.14,107163
30.47,137542
19.36,81961
36.08,152370
21.47,93495
19.04,90748
7.63,39339
32.85,128808
7.15,50668
12.29,66046
35.41,126798
33.38,132064
8.57,44572
17.14,60525
38.37,169017
5.74,37837
33.59,134452
20.03,87835
37.03,144068
24.32,111653
9.75,47762
17.98,77667
30.39,117586
2.03,28065
28.02,93194
29.62,128456
4.02,48959
32.68,117476
33.25,124697
26.69,93903
23.63,97463
29.05,122024
23.86,111945
24.4,105377
20.46,89812
15.24,48146
32.59,116039
16.55,72985
37.32,122430
13.53,70794
26.89,122058
15.01,59620
3.11,15637
32.56,130361
31.37,135651
16.42,71524
22.57,93988
8.62,41088
5.83,31590
38.73,158088
8.31,51720
8.15,40134
38.97,155542
5.14,35589
2.68,19150
6.36,41776
0.63,16189
9.26,44397
22.62,105088
28.35,104415
28.02,118787
6.2,17969
2.16,13791
20.84,79609
31.27,131617
17.06,88619
16.87,74316
23.16,104188
22.16,99316
28.63,110721
3.88,25161
34.3,130218
38.61,149633
8.79,63931
12.22,66373
4.17,36114
28.18,104344
28.4,109631
9.33,42987
0.08,23561
35.48,143106
31.91,129116
32.74,119693
5.57,37882
0.05,10000
6.04,35180
36.23,151221
30.06,121356
29.87,132430
22.54,104139
25.2,119980
23.97,92654
30.8,110150
32.7,130101
24.78,100282
31.59,126987
13.61,55206
22.21,96286
16.04,77904
22.33,81554
31.32,113078
30.01,124566
28.9,115310
22.32,72087
22.21,95538
17.38,82711
19.95,87205
13.99,62219
29.61,99854
6.39,42318
30.84,111181
2.28,28401
16.11,76696
22.56,78548
16.92,89257
17.85,81236
28.96,108626
34.98,130869
5.29,37617
38.77,149616
23.47,74963
20.49,94272
20.34,102814
25.57,111066
9.58,56417
37.41,152773
34.82,134234
33.16,131641
8.09,41909
38.55,138245
5.91,40012
0.69,10000
22.62,89885
38.45,164385
26.64,94643
9.94,50302
18.71,92368
2.63,34873
21.08,94294
2.26,34539
1.1,10000
35.53,128089
27.09,115362
25.15,102874
25.45,106556
9.62,53567
20.93,91902
22.87,79717
3.1,23741
6.78,26931
24.73,101790
18.05,86767
30.05,128639
9.41,54658
26.84,112086
28.79,108593
18.56,81582
21.52,98185
32.27,127683
31.26,124215
23.21,89669
17.63,80179
27.68,111158
35.15,143435
17.68,95887
4.38,39363
14.59,55238
35.96,130807
7.04,20999
18.7,71759
28.58,99503
38.32,152431
13.59,61818
35.5,130083
30.56,134712
23.81,82480
38.02,155380
2.97,36219
23.33,93499
32.48,121118
16.7,75576
23.12,102121
15.37,76972
38.98,153908
18.89,76815
2.85,15347
24.49,101981
24.68,106325
27.02,133686
0.83,19527
6.64,29757
29.7,134677
29.73,99122
5.34,43107
38.44,155030
30.04,121932
30.79,119252
34.67,129651
20.6,88322
39.56,157795
2.23,24579
35.73,149273
33.23,138996
0.46,10000
29.52,127184
38.81,173420
2.64,23366
4.18,22243
34.99,129651
22.41,96391
2.58,11179
34.58,142703
4.9,35856
8.26,40988
13.35,63856
26.22,110585
15.95,75272
4.96,43532
27.25,121312
16.87,71543
15.95,63916
7.14,47670
11.85,52306
2.72,13878
5.81,40384
33.2,123350
24.68,94771
23.19,89515
16.6,49160
4.3,27552
8.54,63681
32.51,115720
34.42,148125
4.97,42057
33.92,124517
20.8,94847
8.23,25600
17.95,69759
17.56,72111
11.38,59664
33.51,141741
11.49,53100
13.49,67327
7.3,34656
12.61,63961
9.28,50396
26.05,113158
11.72,52682
23.48,101424
22.94,96093
18.59,73904
0.79,26094
10.39,54626
2.79,31392
32.63,139497
6.88,40135
8.14,45014
38.62,124732
13.25,51105
3.2,23450
16.92,66504
31.4,118402
17.85,71690
22.81,115279
10.21,60162
24.12,92953
18.73,90805
17.69,64343
14.61,68787
24.09,80441
34.91,126987
12.67,57547
10.77,65650
22.1,110931
3.34,29384
32.24,137994
34.24,135336
17.08,66472
37.9,136632
2.01,31432
19.19,60266
38.43,148621
30.1,110360
36.62,160828
3.05,14407
12.2,63466
9.63,50195
22.14,85798
0.8,10000
0.15,21665
4.3,48047
20.24,72885
11.8,51455
23.22,111797
17.86,75857
15.56,65198
35.13,147778
31.29,118471
35.38,133328
4.17,28846
26.85,102335
1.69,31182
37.9,145187
24.9,116117
14.24,68094
13.07,73174
3.07,27012
35.92,143247
8.11,55532
38.26,142178
18.78,80595
24.85,106171
27.81,102900
3.94,10000
25.81,98484
10.02,27257
37.25,158538
13.12,63060
20.75,92142
13.95,72583
18.54,74073
6.75,42551
18.7,99844
5.99,34911
25.37,109174
39.83,161462
13.56,72732
23.48,104884
20.43,97847
14.57,62106
8.34,29788
20.14,77415
15.62,69518
39.67,173162
23.41,94775
6.31,28492
2.27,10000
27.62,96690
26.92,115758
17.15,67055
10.42,58942
20.96,74998
31.16,126673
8.79,44164
18.71,78830
17.71,69731
26.54,103821
2.41,37748
16.5,59903
20.44,71264
26.59,100617
18.06,65833
12.68,73889
31.01,138556
26.05,106343
7.07,31057
21.29,75349
34.93,140185
15.69,58962
35.31,149722
22.65,76766
36.82,132119
1.8,25708
22.06,91480
20.0,92230
1.77,20233
38.35,138556
17.07,77707
11.09,66350
8.64,47578
19.98,113549
12.33,57376
13.38,71676
7.17,49585
5.05,43691
35.59,133065
8.59,50904
27.66,123573
7.13,27108
19.98,84759
12.57,54430
3.93,30343
2.36,27062
26.98,102877
4.6,32893
32.22,126167
21.26,106996
0.49,10000
2.03,22120
34.6,139103
5.76,24360
28.08,91720
39.81,148409
38.94,143335
8.67,35588
21.8,87839
11.92,86518
27.95,105179
19.88,107704
1.94,14417
35.4,142342
10.12,53204
14.83,42204
5.97,38344
25.86,100321
39.84,154328
36.63,131754
18.03,94762
26.94,122128
14.44,59293
2.1,10000
10.91,55938
23.06,103306
19.26,83180
19.28,80500
11.23,47321
29.31,116393
24.89,107697
14.0,41645
38.83,136895
31.65,143266
14.39,62353
37.32,150434
20.22,90642
4.94,22288
8.35,36633
29.74,129110
10.98,59231
37.51,152302
28.53,122572
12.13,59753
3.03,21276
0.52,10000
21.42,86024
18.89,86130
5.87,30686
9.93,58865
4.52,14990
0.04,41389
11.03,51810
21.28,100893
6.89,42592
27.3,117761
13.16,71753
19.28,94060
38.98,147677
28.82,116986
32.69,136969
31.07,135019
11.91,70995
22.69,111843
6.98,25392
5.71,33557
38.61,163701
26.13,107957
19.0,62978
15.04,71779
35.36,125464
39.89,145639
5.15,34997
23.38,93355
20.26,93889
29.14,112333
26.04,96061
25.11,115874
33.94,125969
9.64,49393
32.56,128075
0.58,10832
6.51,32719
29.72,128854
3.29,37978
8.32,33805
26.35,115143
14.39,66967
7.71,40199
15.73,58941
35.48,129750
14.0,54329
6.4,25528
14.71,53809
21.16,93810
5.54,36961
3.48,35721
30.84,135848
8.8,35897
23.51,104033
10.18,52012
23.92,87868
6.43,31326
20.09,84998
14.77,46382
17.96,79954
24.15,97317
4.09,34357
2.87,10911
1.74,29063
23.25,93258
23.21,92851
28.96,119441
13.39,45734
37.53,154283
11.45,46424
18.0,92958
35.72,137689
11.41,57322
35.94,116939
32.87,117184
27.22,114729
0.81,27191
13.38,66468
6.23,59888
13.82,69082
27.85,113307
16.14,52969
27.83,111796
8.49,44380
23.54,82215
20.05,96831
2.43,16630
33.58,128296
30.92,116578
37.26,144220
33.1,119529
3.24,35974
20.74,90887
25.71,98376
14.92,57105
29.33,111280
23.08,93340
18.33,83389
39.4,137919
30.57,107142
11.72,54898
22.14,97549
17.0,74216
17.23,73867
27.34,104362
4.49,34711
25.8,104363
29.95,112348
14.47,63033
35.71,127568
38.21,152056
19.37,88073
33.18,118675
24.94,107054
11.05,59040
8.84,37205
14.62,60515
0.81,29321
8.34,43216
26.51,112506
37.73,150098
26.68,105012
29.04,120795
9.65,44981
25.2,110368
9.74,67393
21.18,95644
5.05,52984
20.39,94897
21.98,93705
4.26,28628
8.28,42450
22.5,89088
31.74,114028
1.7,29540
19.3,71997
15.7,80600
26.45,126259
32.51,115025
28.25,124185
0.82,15395
32.19,121917
37.94,154760
16.01,85580
0.12,31549
2.08,20374
28.85,110122
0.13,12851
25.08,112473
29.77,116304
34.15,128625
2.15,19536
30.77,123886
18.88,59326
9.7,57639
26.16,105314
30.81,119205
13.64,60748
13.41,45327
15.79,66371
22.67,96786
29.02,127062
21.92,89002
25.59,105759
38.28,134260
33.67,143387
21.9,89268
6.72,26578
14.23,63810
37.32,158980
11.96,44024
23.23,102490
23.42,89160
7.69,54066
18.0,73275
34.36,133647
16.38,84537
35.89,116478
32.87,130037
4.47,20699
6.1,30338
35.05,148578
19.53,59106
5.77,24432
10.84,37191
30.37,111471
39.32,153724
27.95,129792
33.15,127801
8.49,44581
30.71,117915
27.53,100675
38.5,157522
27.35,103247
31.26,149047
12.09,49337
17.73,81612
33.53,114887
12.28,74341
14.19,59835
4.38,47269
6.3,43130
6.14,21127
16.92,92205
35.09,144853
1.58,22158
39.33,145298
6.12,44300
22.19,89856
21.96,94510
31.28,115537
32.0,125229
18.01,75298
8.81,56273
35.3,138248
16.71,73112
28.67,121834
4.04,17003
38.18,150559
33.37,140322
17.14,78977
31.03,135801
11.64,65119
24.23,95825
34.13,139110
33.57,126415
8.44,52022
13.99,59599
36.74,146190
17.8,76957
6.44,45302
18.96,66139
12.97,69544
8.61,52788
6.39,51078
6.1,47158
13.27,67765
29.8,106748
9.75,63766
15.2,71009
32.31,108111
27.2,99682
37.09,145452
13.38,48854
21.8,99262
36.28,132844
29.85,135816
5.47,47458
37.19,137213
20.99,97492
35.95,132341
32.05,133943
6.51,57413
20.36,80288
11.38,63802
12.19,56984
20.65,77207
5.97,44107
16.29,84950
22.7,98095
10.37,48973
33.77,126240
6.09,19666
17.18,90899
28.48,93600
38.76,142520
37.32,158012
6.53,31207
20.96,82762
35.19,133479
20.47,88597
23.46,94211
11.9,74468
19.1,79657
35.94,139956
25.02,98297
30.68,144134
23.83,83094
8.96,46539
18.26,82228
23.97,99387
21.14,97064
29.61,106886
26.82,96059
7.04,49488
38.79,142759
27.07,102598
17.67,72387
38.63,163611
23.56,105062
38.34,142751
37.11,145116
36.33,137940
22.6,76249
23.23,100835
33.24,125672
37.5,143752
8.79,38633
2.8,24093
19.81,80387
33.36,134394
22.49,89051
13.91,60241
29.61,111018
13.46,55644
36.17,134779
26.91,110039
25.59,102528
18.34,71529
13.87,74551
25.7,107967
19.99,91954
27.65,106969
32.77,128858
38.8,144994
7.36,53858
11.78,59069
13.44,72486
1.45,34863
12.83,65101
28.0,112670
25.32,94855
6.54,48804
33.22,139938
1.49,10000
13.06,75462
0.59,40298
30.7,144086
9.06,39048
35.06,145417
29.85,126832
17.68,78755
15.61,83252
33.79,135083
32.9,126397
8.5,51597
37.79,176326
22.94,105485
10.11,41641
20.51,84219
13.13,56862
30.48,119361
5.4,30806
39.01,165921
29.59,133331
11.68,54539
5.13,42723
7.57,53203
33.55,131693
31.86,130587
32.46,144656
3.31,20492
22.29,100853
22.39,72824
39.13,157532
18.91,86786
36.4,137658
1.84,19238
27.59,98451
11.86,50086
9.0,37505
17.41,60526
34.9,111019
27.83,97254
9.46,51042
14.69,70208
2.23,14798
2.09,37955
2.19,25853
32.79,118500
14.96,71496
29.95,117973
21.96,77407
10.76,42482
20.34,82490
38.81,133400
19.06,75844
17.17,80258
30.76,117245
28.99,116911
34.87,143259
36.19,135488
8.37,46100
22.56,94335
25.97,109259
35.49,159939
1.47,30778
8.18,51069
12.05,65537
19.4,85317
28.44,126288
14.64,70135
28.35,129432
29.9,128970
23.68,97595
23.42,87602
17.43,81661
15.74,53819
25.17,109814
35.82,147340
9.78,44055
21.03,93119
14.96,64453
19.75,100610
34.15,146084
12.87,61757
4.47,24017
25.62,99830
32.68,137743
30.2,107772
12.86,44505
33.94,139217
10.33,39361
18.23,82823
12.64,36321
26.1,125863
6.71,25225
19.2,89452
30.84,138652
37.42,132175
0.99,26304
8.87,33859
20.31,88774
22.61,80595
1.86,15674
31.91,128283
23.91,99107
0.07,14870
21.81,81618
36.07,131499
8.41,30369
16.86,68664
17.85,82086
14.38,63881
20.22,87167
14.92,68038
27.41,130623
9.34,59963
2.42,10423
3.24,46121
28.91,126267
22.03,74296
20.58,66881
1.46,22176
24.41,107637
10.9,51078
30.36,118774
5.2,41574
0.56,31596
4.21,13840
0.07,10000
5.57,28048
31.65,120412
12.79,57522
1.12,33395
35.76,147371
33.67,147440
33.61,129036
16.4,69573
7.46,40802
6.79,37506
27.63,97538
30.6,108668
34.6,126024
34.41,133650
5.88,43269
36.06,143333
15.25,66773
30.44,127579
9.94,55600
28.44,129103
11.51,58200
18.13,63929
37.13,142879
1.26,16080
28.44,110849
34.63,133177
4.97,37249
24.94,108860
27.52,118360
1.53,17006
7.47,50006
16.22,88994
16.65,51839
4.24,28749
15.19,70042
36.47,149742
4.12,17473
36.78,160365
27.86,103301
27.18,117358
39.98,166767
37.78,140258
16.93,54884
34.59,139136
32.69,126668
20.91,86322
30.6,108763
32.69,131688
10.36,31222
38.79,147356
36.07,155096
27.79,113505
33.25,139710
16.7,65577
3.77,36526
34.42,121099
14.33,64628
26.87,118062
9.46,58813
13.93,63824
22.68,63374
5.71,34515
36.7,158083
20.45,85118
12.98,71666
36.22,139198
25.06,111197
14.44,73419
16.08,79277
11.88,63983
10.06,53125
17.68,68716
5.23,48039
1.92,42999
24.31,106801
30.9,133857
23.6,93761
37.77,135681
17.71,75640
36.1,149643
28.75,115506
26.44,92757
11.32,70257
25.82,93832
38.86,151354
36.94,138583
27.43,119596
1.04,11181
12.66,55657
1.62,16769
38.03,143036
8.92,59942
8.19,45790
22.24,85742
18.06,69431
39.33,169510
24.12,97384
31.24,127524
37.0,147965
29.66,118178
5.84,28580
30.41,137232
7.91,33116
12.43,50130
36.92,144349
2.26,18588
24.01,92684
30.62,133829
20.18,72713
29.98,100650
17.67,69088
19.72,54637
31.51,121153
28.98,115683
5.83,51909
26.53,98204
38.51,166758
37.12,149431
11.28,51813
29.11,119033
0.75,10526
26.87,99089
28.86,130913
35.48,137135
3.43,12243
39.01,150344
11.36,63871
36.47,133570
14.74,58888
24.3,118139
26.01,91460
14.28,53456
2.39,33528
2.68,14811
38.38,160560
12.66,53481
29.83,125735
23.02,77167
31.57,140626
16.79,70065
5.78,34410
38.05,160730
4.4,15498
15.2,55533
17.38,76824
0.21,10000
13.14,83342
16.96,81898
34.97,143400
27.68,119148
5.1,23564
0.77,22699
13.09,71530
2.98,23602
27.42,105176
34.66,145831
7.26,47963
20.35,92101
19.99,66084
31.18,133109
31.35,123983
19.86,74867
17.45,62879
12.87,70709
16.31,76940
16.31,77068
35.33,138736
20.46,100989
0.48,25447
27.14,111844
5.09,37388
17.62,82218
2.75,26086
34.08,123662
32.07,131761
34.88,136009
18.46,62525
0.62,21071
12.42,59230
31.32,122686
21.9,95523
12.27,58142
26.55,122250
1.41,11501
24.78,90840
13.51,60810
33.56,116305
7.38,20704
14.3,69411
6.42,43200
26.21,98447
25.72,121100
6.19,23930
29.91,133569
1.18,29307
37.88,144561
24.13,96956
6.56,29507
29.88,110613
24.89,108530
36.02,153021
36.2,154255
4.51,46435
38.33,163365
24.92,103038
19.61,80870
38.0,154747
5.4,41799
15.11,86047
7.55,41861
38.31,152553
13.36,73177
13.18,62688
39.63,154777
24.66,116990
11.22,77395
24.7,96208
16.66,78040
3.23,23688
16.36,73389
4.74,33964
3.49,19792
34.97,146630
2.57,17903
18.48,92954
1.57,19157
7.32,51774
20.17,82762
22.03,79613
16.43,66547
0.78,10506
31.68,131761
14.39,70977
22.5,92815
38.11,147538
17.46,74577
36.56,145840
34.84,144195
31.65,122933
20.25,100749
34.98,140724
33.76,133881
34.23,120919
0.87,22682
14.53,67866
20.31,92285
34.38,149793
6.09,42655
25.33,94245
1.58,15741
16.03,75203
28.8,111012
34.23,132423
12.01,60299
27.43,98189
5.97,31595
14.18,60583
14.54,51836
11.92,62959
20.13,86932
12.32,64775
16.86,93757
8.74,35426
13.57,81971
0.14,10000
17.68,85352
8.26,35018
11.72,56080
4.33,32048
28.7,120766
13.28,60362
33.18,128940
13.08,44251
28.21,110977
39.78,148581
27.66,121247
7.84,43044
18.74,59940
7.91,31643
12.36,68194
30.73,126909
20.4,93608
25.35,90550
22.42,103869
32.59,139645
15.6,73484
15.56,77587
10.2,38322
22.76,102687
6.42,65612
5.4,39456
9.45,50663
1.33,12912
35.81,139431
20.82,94503
36.31,149609
38.27,129537
27.07,104007
35.54,151571
5.73,33470
12.27,55636
28.94,132458
30.41,116419
22.12,99872
25.25,120133
37.39,154250
6.32,30721
29.64,127290
33.82,127438
36.04,136081
32.94,151929
21.88,99891
25.74,100728
38.22,158797
30.01,113614
36.55,143667
34.15,139923
27.47,109655
39.57,132224
24.16,104210
27.12,98753
31.89,128685
24.98,105414
4.77,25240
35.44,145107
18.5,81440
32.06,134814
24.01,101563
37.31,141697
18.57,84724
9.0,31576
11.36,73393
1.78,32103
4.13,30993
31.15,120800
33.33,119553
21.26,88392
27.12,124296
31.08,128805
5.54,31586
12.0,67820
28.74,118300
31.13,145411
14.53,71253
35.92,138631
10.88,61400
15.36,73638
20.65,87515
28.26,114673
11.19,89921
9.26,63263
10.23,49527
35.44,139950
5.13,33213
15.39,65129
18.0,65334
32.05,125029
26.95,106608
1.81,14834
21.07,80044
22.0,85858
14.51,64256
11.67,70016
34.4,137624
31.8,128935
30.38,134849
22.53,99080
1.92,34384
23.17,91138
28.89,111949
36.34,140630
11.41,52087
20.11,90838
38.45,163284
8.59,43150
24.39,85445
38.13,147252
34.6,127139
16.08,63666
37.04,160347
37.95,152889
7.52,34075
5.16,31326
17.97,65746
21.6,84361
22.77,108030
36.46,137527
21.06,75968
9.96,44851
2.26,29343
11.96,63472
12.57,53593
5.62,40062
4.06,41877
3.14,26174
21.56,77765
12.79,58675
3.87,34745
25.55,99664
39.09,159496
9.63,59874
33.67,146346
6.78,43128
1.02,21692
10.08,32414
35.78,136479
1.2,15658
23.46,105819
33.77,122152
13.48,56420
30.81,135761
25.39,109938
2.61,30220
33.76,135157
22.87,112050
10.03,64184
1.84,37387
9.48,26368
31.26,138245
37.35,119744
2.24,20171
5.76,41957
39.78,148350
8.02,38770
4.25,35217
8.23,27578
9.67,45178
26.11,111695
18.16,57871
9.8,36264
7.48,27055
14.31,69701
23.82,90328
2.02,30336
21.24,86941
27.02,109004
39.14,155451
24.13,106236
38.24,145138
14.74,55882
21.12,83262
34.15,133627
32.89,129552
39.23,168224
26.52,93220
9.36,41270
10.73,56953
27.36,121699
26.97,117933
28.39,123550
15.51,43438
24.28,93221
2.08,24055
11.89,57340
23.52,86666
17.9,58522
17.79,89124
12.89,56667
12.9,47684
31.81,134993
7.98,32347
13.9,40495
9.49,51459
4.0,35830
26.13,108129
17.97,72366
38.73,147682
38.75,149685
26.28,105190
6.87,36115
6.05,39519
33.01,137273
16.75,78667
25.3,91856
8.12,63872
19.97,83864
9.54,46682
17.49,63681
22.14,95549
35.13,131875
27.74,118002
2.71,20815
21.35,92347
36.72,145715
27.95,132095
29.78,114047
6.21,43334
16.69,64919
25.86,93842
18.66,86619
34.75,128705
20.18,92403
18.94,76150
8.28,47350
9.22,63410
5.22,23897
13.25,85087
39.62,157353
14.55,66597
22.32,83782
38.38,154674
7.9,27314
10.0,53065
8.32,47396
16.39,63421
5.27,43380
5.36,37273
9.7,47025
26.72,121247
11.8,41745
31.72,105654
21.19,91691
5.08,45346
22.04,82077
12.79,55748
25.01,106140
3.31,23709
31.54,128145
9.17,44424
18.63,63764
28.26,102669
14.73,63786
13.15,49003
38.91,152509
38.6,148775
18.48,72844
30.93,134306
37.08,158991
33.31,135333
8.75,48708
34.2,143527
9.22,40348
37.13,139637
13.0,34652
27.21,99003
21.95,88426
18.35,81504
25.07,91855
36.29,144009
31.83,119383
15.56,61750
39.54,133644
0.01,10000
17.52,80833
29.32,132324
8.7,44319
36.29,141716
0.89,20205
33.39,130370
7.18,56657
24.12,101318
24.05,106271
3.87,32769
17.04,81793
5.46,31855
13.51,69437
36.04,145143
23.52,100285
1.15,10000
29.65,126033
30.84,104985
17.89,73872
33.7,129137
29.93,107843
16.64,74933
21.83,92533
2.73,24095
6.0,29327
1.91,42974
30.47,132030
23.85,93493
10.39,56648
0.54,30483
38.46,143284
34.01,135724
29.12,113772
15.32,60914
26.56,106086
21.13,82730
17.85,92140
5.36,44342
24.73,122516
33.78,128229
18.44,88772
18.33,89760
20.56,102365
39.21,149122
0.82,23290
10.98,64480
31.9,117619
20.25,85391
33.85,131445
10.51,60036
30.37,143972
3.73,23522
18.79,71979
36.41,146231
23.3,91111
23.48,92504
33.52,129832
26.57,120225
9.87,46763
24.73,121240
8.59,45900
2.43,23686
36.16,145999
14.81,73725
15.7,64129
39.55,130042
3.72,23713
35.03,134690
8.15,34370
22.0,95665
18.91,84594
37.67,159194
23.3,92331
16.65,71138
9.54,41361
27.0,109063
33.75,120235
20.09,87622
6.52,33962
33.36,136682
17.07,74517
15.81,63611
31.16,121753
37.55,150498
5.13,31407
38.29,155370
38.72,154131
5.97,37649
10.07,46857
22.53,95699
8.78,44244
32.06,127816
5.68,38118
33.2,127104
21.32,99942
26.38,104163
29.87,122849
38.31,142323
30.38,123432
34.48,158498
19.24,91020
14.96,62079
30.2,125763
0.83,23545
8.74,57254
32.51,134482
24.58,107281
29.47,99752
36.9,149941
9.52,43014
38.69,144124
18.94,73888
29.84,141534
17.82,70888
7.5,45896
13.52,63647
4.27,36818
4.6,20855
8.92,41155
1.21,20897
12.08,57249
21.61,99968
37.09,143954
21.0,89688
7.67,39028
23.57,95420
8.86,45203
21.38,100039
3.42,32423
11.09,53494
5.04,35857
33.13,129544
30.99,133969
37.49,145659
28.85,118190
14.55,63351
0.83,20004
8.09,55392
34.6,127673
14.22,65340
21.82,88923
16.54,91879
10.28,35749
9.02,36045
32.08,125340
6.41,34991
3.92,30333
14.78,66339
27.02,128435
5.45,36190
6.53,34874
20.71,78698
4.08,22681
17.55,75431
7.17,25126
24.42,89350
11.54,51663
21.31,84566
22.82,90510
26.93,115697
18.92,89486
24.09,79170
27.49,120306
26.29,97427
31.68,131108
6.56,46203
25.08,101779
26.3,140042
6.8,35205
25.25,88828
6.96,38848
21.71,95400
23.08,95395
25.9,115988
1.42,10000
4.12,18125
33.02,138951
18.23,58043
30.56,126550
35.22,147064
10.9,53398
28.47,121141
22.09,95520
0.27,21608
18.38,82826
0.71,10000
39.11,170592
13.59,56469
1.22,11395
18.5,78372
6.01,43893
28.36,101097
31.96,123083
0.98,50343
39.1,150012
25.12,99287
29.73,129970
19.62,76760
28.65,119826
1.53,25314
31.52,118081
2.23,14305
39.77,159150
39.26,163509
10.12,29904
2.2,27253
18.11,90481
19.47,80331
15.05,63785
29.38,121895
18.14,80937
28.34,111787
33.35,129667
37.67,149896
13.6,67287
29.97,135406
8.31,47812
36.54,138054
18.36,88864
13.68,70090
0.22,10000
0.51,10000
10.08,41852
4.7,24864
12.89,63335
11.95,43044
21.41,85511
13.24,69787
28.61,107103
22.86,88451
37.28,141647
4.29,25077
28.69,115634
3.09,24016
35.67,144767
5.06,30858
17.69,84541
11.27,56849
16.04,60879
22.25,105912
6.34,48027
26.75,111448
36.02,144055
22.35,93223
7.25,45155
33.5,134223
17.52,58441
26.82,110641
7.77,59425
14.13,61471
16.77,64320
26.69,109326
8.6,46385
35.68,142627
3.16,24709
37.57,162774
22.29,90363
7.0,35494
21.61,82105
1.43,31936
15.19,62482
16.02,52855
30.65,139369
3.13,32542
25.15,100223
39.45,165282
1.07,10000
38.51,133817
20.12,73870
39.69,147672
37.69,149078
14.98,53980
13.41,55707
37.87,147897
20.11,92572
7.38,42805
13.0,58288
1.49,38605
7.5,39004
37.43,144678
33.23,140435
27.03,106429
26.05,115455
26.61,114608
25.63,108386
3.81,32167
11.67,51600
9.91,38578
24.16,98705
8.8,32035
5.2,41604
11.15,64228
38.81,152771
38.67,142728
17.87,82991
33.73,136916
22.41,104165
14.94,84629
38.43,158409
15.77,59338
27.38,87277
29.44,107487
13.59,83137
19.59,82894
9.47,47138
39.32,139816
24.16,95391
15.15,62918
15.15,55062
4.42,20222
2.39,31194
19.51,88275
19.52,82436
32.77,129045
35.46,140477
24.72,104072
2.83,38463
15.7,70333
34.14,149683
26.65,124789
2.95,24352
38.19,137486
2.48,36050
39.62,143290
36.52,132895
11.34,41548
36.28,146078
35.33,140445
34.82,138103
16.0,80079
33.31,140243
7.15,53499
20.52,86957
25.21,98301
23.57,108957
27.78,112148
27.3,129115
12.24,55751
1.44,17987
32.09,118462
36.33,152456
24.79,92670
0.93,18841
16.75,81075
30.4,136890
11.83,46033
3.92,41133
6.03,42625
23.43,91866
19.64,86772
10.17,64383
8.97,35789
1.38,22058
3.49,15048
11.78,58397
12.74,58755
39.14,152774
34.85,127963
30.43,129971
10.2,41126
13.06,59138
32.99,125981
30.28,102602
9.55,31942
7.83,31320
29.04,101591
29.26,118054
36.49,147976
20.45,94277
20.7,88939
27.75,109492
3.66,33439
34.61,142448
36.85,155367
6.58,31499
24.09,110248
17.41,75480
10.28,58399
5.17,36823
34.41,128944
31.6,122754
18.42,90469
15.1,88432
33.69,135874
23.57,92626
16.17,71458
13.28,63473
8.8,63165
14.85,57583
18.05,60323
14.79,72846
39.08,143596
29.07,126644
3.43,36788
3.28,31125
39.66,143752
13.76,72300
11.4,46976
21.32,98903
7.83,38422
28.15,103950
26.8,107483
6.31,28518
4.25,28800
26.21,116178
9.11,33849
17.26,75642
20.39,76564
33.68,134214
5.12,36550
1.29,33184
17.58,81099
32.47,139770
13.0,71160
21.76,90212
37.86,146819
18.0,93659
37.98,139079
2.2,20247
25.76,118428
30.96,111221
3.11,34377
28.17,107902
21.85,84911
8.12,27441
30.17,121907
12.13,50220
34.06,142015
13.77,59713
39.27,156808
26.76,105146
6.8,48812
37.32,147823
37.03,143127
36.38,141348
11.08,52274
9.83,42315
7.85,40039
18.54,91696
5.08,35931
17.87,70101
21.58,77568
1.91,40702
6.77,43693
28.72,115684
5.73,34515
13.59,49504
31.19,124077
27.7,120385
7.77,18427
15.69,68908
7.43,39490
34.37,114063
9.8,49074
17.91,84564
16.88,67498
38.02,161297
19.32,66526
20.2,91709
2.6,22178
39.67,167394
